abbrev, 1.1.0, ISC
ajv, 4.11.8, MIT
ajv, 5.5.2, MIT
align-text, 0.1.4, MIT
alphanum-sort, 1.0.2, MIT
amdefine, 1.0.1, "BSD-3-Clause OR MIT"
ansi-regex, 2.1.1, MIT
ansi-styles, 2.2.1, MIT
anymatch, 1.3.2, ISC
aproba, 1.1.1, ISC
are-we-there-yet, 1.1.4, ISC
argparse, 1.0.9, MIT
arr-diff, 2.0.0, MIT
arr-diff, 4.0.0, MIT
arr-flatten, 1.1.0, MIT
arr-union, 3.1.0, MIT
array-each, 1.0.1, MIT
array-slice, 1.1.0, MIT
array-union, 1.0.2, MIT
array-uniq, 1.0.3, MIT
array-unique, 0.2.1, MIT
array-unique, 0.3.2, MIT
arrify, 1.0.1, MIT
asn1, 0.2.3, MIT
assert-plus, 0.2.0, MIT
assert-plus, 1.0.0, MIT
assign-symbols, 1.0.0, MIT
async-each, 1.0.1, MIT
asynckit, 0.4.0, MIT
atob, 2.0.3, "(MIT OR Apache-2.0)"
autoprefixer, 6.5.0, MIT
aws-sign2, 0.6.0, "Apache 2.0"
aws-sign2, 0.7.0, "Apache 2.0"
aws4, 1.6.0, MIT
babel-code-frame, 6.26.0, MIT
babel-core, 6.26.0, MIT
babel-generator, 6.26.1, MIT
babel-helper-hoist-variables, 6.24.1, MIT
babel-helpers, 6.24.1, MIT
babel-messages, 6.23.0, MIT
babel-plugin-syntax-dynamic-import, 6.18.0, MIT
babel-plugin-transform-amd-system-wrapper, 0.3.7, MIT
babel-plugin-transform-cjs-system-wrapper, 0.6.2, MIT
babel-plugin-transform-es2015-modules-systemjs, 6.24.1, MIT
babel-plugin-transform-global-system-wrapper, 0.3.4, MIT
babel-plugin-transform-system-register, 0.0.1, MIT
babel-register, 6.26.0, MIT
babel-runtime, 6.26.0, MIT
babel-template, 6.26.0, MIT
babel-traverse, 6.26.0, MIT
babel-types, 6.26.0, MIT
babylon, 6.18.0, MIT
balanced-match, 0.1.0, MIT
balanced-match, 0.4.2, MIT
balanced-match, 1.0.0, MIT
base, 0.11.2, MIT
basscss, 8.0.2, MIT
basscss-addons, 1.0.0, MIT
basscss-align, 1.0.2, MIT
basscss-basic, 1.0.0, MIT
basscss-border, 4.0.2, MIT
basscss-flexbox, 1.0.1, MIT
basscss-grid, 2.0.0, MIT
basscss-hide, 1.0.1, MIT
basscss-layout, 3.1.0, MIT
basscss-margin, 1.0.7, MIT
basscss-padding, 1.1.3, MIT
basscss-position, 2.0.3, MIT
basscss-type-scale, 1.0.5, MIT
basscss-typography, 3.0.3, MIT
bcrypt-pbkdf, 1.0.1, "New BSD"
binary-extensions, 1.11.0, MIT
bl, 1.2.1, MIT
block-stream, 0.0.9, ISC
bluebird, 3.5.1, MIT
boom, 2.10.1, "New BSD"
boom, 4.3.1, "New BSD"
boom, 5.2.0, "New BSD"
brace-expansion, 1.1.11, MIT
brace-expansion, 1.1.7, MIT
braces, 1.8.5, MIT
braces, 2.3.0, MIT
browserslist, 1.4.0, MIT
browserslist, 1.7.7, MIT
bser, 2.0.0, "Apache 2.0"
buffer-peek-stream, 1.0.1, MIT
buffer-shims, 1.0.0, MIT
builtin-modules, 1.1.1, MIT
cache-base, 1.0.1, MIT
camelcase, 1.2.1, MIT
camelcase, 3.0.0, MIT
caniuse-api, 1.6.1, MIT
caniuse-db, 1.0.30000808, CC-BY-4.0
caseless, 0.12.0, "Apache 2.0"
center-align, 0.1.3, MIT
chalk, 1.1.3, MIT
chokidar, 1.7.0, MIT
chownr, 1.0.1, ISC
clap, 1.2.3, MIT
class-utils, 0.3.6, MIT
cliui, 2.1.0, ISC
cliui, 3.2.0, ISC
clone, 1.0.3, MIT
co, 4.6.0, MIT
coa, 1.0.4, MIT
code-point-at, 1.1.0, MIT
collection-visit, 1.0.0, MIT
color, 0.11.4, MIT
color-convert, 1.9.1, MIT
color-name, 1.1.3, MIT
color-string, 0.3.0, MIT
colormin, 1.1.2, MIT
colors, 1.1.2, MIT
combined-stream, 1.0.5, MIT
combined-stream, 1.0.6, MIT
commander, 2.9.0, MIT
component-emitter, 1.2.1, MIT
concat-map, 0.0.1, MIT
console-control-strings, 1.1.0, ISC
convert-source-map, 1.5.1, MIT
copy-descriptor, 0.1.1, MIT
core-js, 1.2.7, MIT
core-js, 2.5.3, MIT
core-util-is, 1.0.2, MIT
cryptiles, 2.0.5, "New BSD"
cryptiles, 3.1.2, "New BSD"
css-color-function, 1.3.3, MIT
css-color-names, 0.0.4, MIT
cssnano, 3.7.6, MIT
csso, 2.3.2, MIT
d, 1.0.0, MIT
dashdash, 1.14.1, MIT
data-uri-to-buffer, 0.0.4, MIT
debug, 2.6.8, MIT
debug, 2.6.9, MIT
debug, 3.1.0, MIT
decamelize, 1.2.0, MIT
decode-uri-component, 0.2.0, MIT
deep-extend, 0.4.2, MIT
define-property, 0.2.5, MIT
define-property, 1.0.0, MIT
defined, 1.0.0, MIT
delayed-stream, 1.0.0, MIT
delegates, 1.0.0, MIT
detect-file, 1.0.0, MIT
detect-indent, 4.0.0, MIT
detect-libc, 1.0.2, "Apache 2.0"
ecc-jsbn, 0.1.1, MIT
electron-to-chromium, 1.3.33, ISC
end-of-stream, 1.4.1, MIT
err-code, 1.1.2, MIT
error-ex, 1.3.1, MIT
es5-ext, 0.10.38, MIT
es6-iterator, 2.0.3, MIT
es6-symbol, 3.1.1, MIT
es6-template-strings, 2.0.1, MIT
escape-string-regexp, 1.0.5, MIT
esniff, 1.1.0, MIT
esprima, 2.7.3, "Simplified BSD"
esutils, 2.0.2, BSD
exec-sh, 0.2.1, MIT
expand-brackets, 0.1.5, MIT
expand-brackets, 2.1.4, MIT
expand-range, 1.8.2, MIT
expand-tilde, 1.2.2, MIT
expand-tilde, 2.0.2, MIT
extend, 3.0.1, MIT
extend-shallow, 2.0.1, MIT
extend-shallow, 3.0.2, MIT
extglob, 0.3.2, MIT
extglob, 2.0.4, MIT
extsprintf, 1.0.2, MIT
extsprintf, 1.3.0, MIT
fast-deep-equal, 1.0.0, MIT
fast-json-stable-stringify, 2.0.0, MIT
fb-watchman, 2.0.0, "Apache 2.0"
filename-regex, 2.0.1, MIT
fill-range, 2.2.3, MIT
fill-range, 4.0.0, MIT
find-up, 1.1.2, MIT
findup-sync, 2.0.0, MIT
fined, 1.1.0, MIT
flagged-respawn, 1.0.0, MIT
flatten, 1.0.2, MIT
for-in, 1.0.2, MIT
for-own, 0.1.5, MIT
for-own, 1.0.0, MIT
forever-agent, 0.6.1, "Apache 2.0"
form-data, 2.1.4, MIT
form-data, 2.3.2, MIT
fragment-cache, 0.2.1, MIT
fsevents, 1.1.3, MIT
fstream, 1.0.11, ISC
fstream-ignore, 1.0.5, ISC
function-bind, 1.1.1, MIT
gather-stream, 1.0.0, ISC
gauge, 2.7.4, ISC
get-caller-file, 1.0.2, ISC
get-value, 2.0.6, MIT
getpass, 0.1.7, MIT
glob, 5.0.15, ISC
glob, 6.0.4, ISC
glob, 7.1.2, ISC
glob-base, 0.3.0, MIT
glob-parent, 2.0.0, ISC
global-modules, 1.0.0, MIT
global-prefix, 1.0.2, MIT
globals, 9.18.0, MIT
globby, 4.1.0, MIT
graceful-fs, 4.1.11, ISC
graceful-readlink, 1.0.1, MIT
har-schema, 1.0.5, ISC
har-schema, 2.0.0, ISC
har-validator, 4.2.1, ISC
har-validator, 5.0.3, ISC
has, 1.0.1, MIT
has-ansi, 2.0.0, MIT
has-flag, 1.0.0, MIT
has-unicode, 2.0.1, ISC
has-value, 0.3.1, MIT
has-value, 1.0.0, MIT
has-values, 0.1.4, MIT
has-values, 1.0.0, MIT
hawk, 3.1.3, "New BSD"
hawk, 6.0.2, "New BSD"
hoek, 2.16.3, "New BSD"
hoek, 4.2.0, "New BSD"
home-or-tmp, 2.0.0, MIT
homedir-polyfill, 1.0.1, MIT
hosted-git-info, 2.5.0, ISC
html-comment-regex, 1.1.1, MIT
http-signature, 1.1.1, MIT
http-signature, 1.2.0, MIT
indexes-of, 1.0.1, MIT
inflight, 1.0.6, ISC
inherits, 2.0.3, ISC
ini, 1.3.4, ISC
ini, 1.3.5, ISC
invariant, 2.2.2, "New BSD"
invert-kv, 1.0.0, MIT
is-absolute, 1.0.0, MIT
is-absolute-url, 2.1.0, MIT
is-accessor-descriptor, 0.1.6, MIT
is-accessor-descriptor, 1.0.0, MIT
is-arrayish, 0.2.1, MIT
is-binary-path, 1.0.1, MIT
is-buffer, 1.1.6, MIT
is-builtin-module, 1.0.0, MIT
is-data-descriptor, 0.1.4, MIT
is-data-descriptor, 1.0.0, MIT
is-descriptor, 0.1.6, MIT
is-descriptor, 1.0.2, MIT
is-dotfile, 1.0.3, MIT
is-equal-shallow, 0.1.3, MIT
is-extendable, 0.1.1, MIT
is-extendable, 1.0.1, MIT
is-extglob, 1.0.0, MIT
is-extglob, 2.1.1, MIT
is-finite, 1.0.2, MIT
is-fullwidth-code-point, 1.0.0, MIT
is-glob, 2.0.1, MIT
is-glob, 3.1.0, MIT
is-number, 2.1.0, MIT
is-number, 3.0.0, MIT
is-odd, 1.0.0, MIT
is-plain-obj, 1.1.0, MIT
is-plain-object, 2.0.4, MIT
is-posix-bracket, 0.1.1, MIT
is-primitive, 2.0.0, MIT
is-relative, 1.0.0, MIT
is-svg, 2.1.0, MIT
is-typedarray, 1.0.0, MIT
is-unc-path, 1.0.0, MIT
is-utf8, 0.2.1, MIT
is-windows, 1.0.2, MIT
isarray, 1.0.0, MIT
isexe, 2.0.0, ISC
isobject, 2.1.0, MIT
isobject, 3.0.1, MIT
isstream, 0.1.2, MIT
jodid25519, 1.0.2, MIT
js-base64, 2.4.3, "New BSD"
js-tokens, 3.0.2, MIT
js-yaml, 3.7.0, MIT
jsbn, 0.1.1, MIT
jsesc, 1.3.0, MIT
json-schema, 0.2.3, "AFLv2.1, BSD"
json-schema-traverse, 0.3.1, MIT
json-stable-stringify, 1.0.1, MIT
json-stringify-safe, 5.0.1, ISC
json5, 0.5.1, MIT
jsonify, 0.0.0, "Public Domain"
jspm, 0.17.0-beta.47, "Apache 2.0"
jspm-github, 0.14.13, MIT
jspm-npm, 0.30.4, MIT
jspm-registry, 0.4.4, MIT
jsprim, 1.4.0, MIT
jsprim, 1.4.1, MIT
kind-of, 3.2.2, MIT
kind-of, 4.0.0, MIT
kind-of, 5.1.0, MIT
kind-of, 6.0.2, MIT
lazy-cache, 1.0.4, MIT
lazy-cache, 2.0.2, MIT
lcid, 1.0.0, MIT
liftoff, 2.5.0, MIT
load-json-file, 1.1.0, MIT
lodash, 4.17.5, MIT
longest, 1.0.1, MIT
loose-envify, 1.3.1, MIT
macaddress, 0.2.8, MIT
make-iterator, 1.0.0, MIT
makeerror, 1.0.11, "New BSD"
map-cache, 0.2.2, MIT
map-visit, 1.0.0, MIT
mapillary-css, 1.1.0, MIT
math-expression-evaluator, 1.2.17, MIT
merge, 1.2.0, MIT
micromatch, 2.3.11, MIT
micromatch, 3.1.5, MIT
mime-db, 1.27.0, MIT
mime-db, 1.30.0, MIT
mime-types, 2.1.15, MIT
mime-types, 2.1.17, MIT
minimatch, 3.0.4, ISC
minimist, 0.0.8, MIT
minimist, 1.2.0, MIT
mixin-deep, 1.3.1, MIT
mkdirp, 0.5.1, MIT
ms, 2.0.0, MIT
nan, 2.8.0, MIT
nanomatch, 1.2.7, MIT
ncp, 2.0.0, MIT
neo-async, 1.8.2, MIT
netrc, 0.1.4, MIT
node-int64, 0.4.0, MIT
node-pre-gyp, 0.6.39, "New BSD"
nopt, 4.0.1, ISC
normalize-package-data, 2.4.0, "Simplified BSD"
normalize-path, 2.1.1, MIT
normalize-range, 0.1.2, MIT
normalize-url, 1.9.1, MIT
npmlog, 4.1.0, ISC
num2fraction, 1.2.2, MIT
number-is-nan, 1.0.1, MIT
oauth-sign, 0.8.2, "Apache 2.0"
object-assign, 4.1.1, MIT
object-copy, 0.1.0, MIT
object-visit, 1.0.1, MIT
once, 1.4.0, ISC
os-homedir, 1.0.2, MIT
os-locale, 1.4.0, MIT
os-tmpdir, 1.0.2, MIT
osenv, 0.1.4, ISC
parse-filepath, 1.0.2, MIT
parse-glob, 3.0.4, MIT
parse-json, 2.2.0, MIT
parse-passwd, 1.0.0, MIT
pascalcase, 0.1.1, MIT
path-exists, 2.1.0, MIT
path-is-absolute, 1.0.1, MIT
path-parse, 1.0.5, MIT
path-root, 0.1.1, MIT
path-root-regex, 0.1.2, MIT
path-type, 1.1.0, MIT
performance-now, 0.2.0, MIT
performance-now, 2.1.0, MIT
pify, 2.3.0, MIT
pinkie, 2.0.4, MIT
pinkie-promise, 2.0.1, MIT
pkg-resolve, 0.1.14, "Apache 2.0"
posix-character-classes, 0.1.1, MIT
postcss, 5.2.18, MIT
postcss-calc, 5.3.1, MIT
postcss-cli, 2.6.0, MIT
postcss-color-function, 2.0.1, MIT
postcss-colormin, 2.2.2, MIT
postcss-convert-values, 2.6.1, MIT
postcss-custom-media, 5.0.1, MIT
postcss-custom-properties, 5.0.1, MIT
postcss-discard-comments, 2.0.4, MIT
postcss-discard-duplicates, 2.1.0, MIT
postcss-discard-empty, 2.1.0, MIT
postcss-discard-overridden, 0.1.1, MIT
postcss-discard-unused, 2.2.3, MIT
postcss-filter-plugins, 2.0.2, MIT
postcss-import, 8.1.2, MIT
postcss-merge-idents, 2.1.7, MIT
postcss-merge-longhand, 2.0.2, MIT
postcss-merge-rules, 2.1.2, MIT
postcss-message-helpers, 2.0.0, MIT
postcss-minify-font-values, 1.0.5, MIT
postcss-minify-gradients, 1.0.5, MIT
postcss-minify-params, 1.2.2, MIT
postcss-minify-selectors, 2.1.1, MIT
postcss-normalize-charset, 1.1.1, MIT
postcss-normalize-url, 3.0.8, MIT
postcss-ordered-values, 2.2.3, MIT
postcss-reduce-idents, 2.4.0, MIT
postcss-reduce-initial, 1.0.1, MIT
postcss-reduce-transforms, 1.0.4, MIT
postcss-remove-root, 0.0.2, MIT
postcss-selector-parser, 2.2.3, MIT
postcss-svgo, 2.1.6, MIT
postcss-unique-selectors, 2.0.2, MIT
postcss-value-parser, 3.3.0, MIT
postcss-zindex, 2.2.0, MIT
prepend-http, 1.0.4, MIT
preserve, 0.2.0, MIT
private, 0.1.8, MIT
process-nextick-args, 1.0.7, MIT
process-nextick-args, 2.0.0, MIT
proper-lockfile, 1.2.0, MIT
pump, 1.0.3, MIT
punycode, 1.4.1, MIT
q, 1.5.1, MIT
qs, 6.4.0, "New BSD"
qs, 6.5.1, "New BSD"
query-string, 4.3.4, MIT
randomatic, 1.1.7, MIT
rc, 1.2.1, "(BSD-2-Clause OR MIT OR Apache-2.0)"
read-cache, 1.0.0, MIT
read-file-stdin, 0.2.1, MIT
read-pkg, 1.1.0, MIT
read-pkg-up, 1.0.1, MIT
readable-stream, 2.2.9, MIT
readable-stream, 2.3.4, MIT
readdirp, 2.1.0, MIT
rechoir, 0.6.2, MIT
reduce-css-calc, 1.3.0, MIT
reduce-function-call, 1.0.2, MIT
regenerator-runtime, 0.11.1, MIT
regex-cache, 0.4.4, MIT
regex-not, 1.0.0, MIT
remove-trailing-separator, 1.1.0, ISC
repeat-element, 1.1.2, MIT
repeat-string, 1.6.1, MIT
repeating, 2.0.1, MIT
request, 2.81.0, "Apache 2.0"
request, 2.83.0, "Apache 2.0"
require-directory, 2.1.1, MIT
require-main-filename, 1.0.1, ISC
resolve, 1.5.0, MIT
resolve-dir, 1.0.1, MIT
resolve-url, 0.2.1, MIT
retry, 0.10.1, MIT
rgb, 0.1.0, "MIT (http://mootools.net/license.txt)"
right-align, 0.1.3, MIT
rimraf, 2.6.1, ISC
rimraf, 2.6.2, ISC
rollup, 0.36.4, MIT
rsvp, 3.6.2, MIT
safe-buffer, 5.0.1, MIT
safe-buffer, 5.1.1, MIT
sane, 1.7.0, MIT
sax, 1.2.4, ISC
semver, 4.3.6, ISC
semver, 5.3.0, ISC
semver, 5.5.0, ISC
set-blocking, 2.0.0, ISC
set-getter, 0.1.0, MIT
set-immediate-shim, 1.0.1, MIT
set-value, 0.4.3, MIT
set-value, 2.0.0, MIT
signal-exit, 3.0.2, ISC
slash, 1.0.0, MIT
snapdragon, 0.8.1, MIT
snapdragon-node, 2.1.1, MIT
snapdragon-util, 3.0.1, MIT
sntp, 1.0.9, BSD
sntp, 2.1.0, "New BSD"
sort-keys, 1.1.2, MIT
source-map, 0.1.32, BSD
source-map, 0.5.7, "New BSD"
source-map-resolve, 0.5.1, MIT
source-map-support, 0.2.10, MIT
source-map-support, 0.4.18, MIT
source-map-url, 0.4.0, MIT
spdx-correct, 1.0.2, "Apache 2.0"
spdx-expression-parse, 1.0.4, "(MIT AND CC-BY-3.0)"
spdx-license-ids, 1.2.2, Unlicense
split-string, 3.1.0, MIT
sprintf-js, 1.0.3, "New BSD"
sshpk, 1.13.0, MIT
sshpk, 1.13.1, MIT
static-extend, 0.1.2, MIT
strict-uri-encode, 1.1.0, MIT
string-width, 1.0.2, MIT
string_decoder, 1.0.1, MIT
string_decoder, 1.0.3, MIT
stringstream, 0.0.5, MIT
strip-ansi, 3.0.1, MIT
strip-bom, 2.0.0, MIT
strip-json-comments, 2.0.1, MIT
supports-color, 2.0.0, MIT
supports-color, 3.2.3, MIT
svgo, 0.7.2, MIT
systemjs, 0.19.47, MIT
systemjs, 0.20.19, MIT
systemjs-builder, 0.16.12, MIT
tar, 2.2.1, ISC
tar-fs, 1.16.0, MIT
tar-pack, 3.4.0, "Simplified BSD"
tar-stream, 1.5.5, MIT
tmpl, 1.0.4, "New BSD"
to-fast-properties, 1.0.3, MIT
to-object-path, 0.3.0, MIT
to-regex, 3.0.1, MIT
to-regex-range, 2.1.1, MIT
tough-cookie, 2.3.2, "New BSD"
tough-cookie, 2.3.3, "New BSD"
traceur, 0.0.105, "Apache 2.0"
trim-right, 1.0.1, MIT
tunnel-agent, 0.6.0, "Apache 2.0"
tweetnacl, 0.14.5, Unlicense
uglify-js, 2.8.29, "Simplified BSD"
uglify-to-browserify, 1.0.2, MIT
uid-number, 0.0.6, ISC
unc-path-regex, 0.1.2, MIT
union-value, 1.0.0, MIT
uniq, 1.0.1, MIT
uniqid, 4.1.1, MIT
uniqs, 2.0.0, MIT
unset-value, 1.0.0, MIT
urix, 0.1.0, MIT
use, 2.0.2, MIT
util-deprecate, 1.0.2, MIT
uuid, 3.0.1, MIT
uuid, 3.2.1, MIT
validate-npm-package-license, 3.0.1, "Apache 2.0"
vendors, 1.0.1, MIT
verror, 1.10.0, MIT
verror, 1.3.6, MIT
walker, 1.0.7, "Apache 2.0"
watch, 0.10.0, "Apache 2.0"
when, 3.7.8, MIT
which, 1.3.0, ISC
which-module, 1.0.0, ISC
wide-align, 1.1.2, ISC
window-size, 0.1.0, MIT
window-size, 0.2.0, MIT
wordwrap, 0.0.2, MIT/X11
wrap-ansi, 2.1.0, MIT
wrappy, 1.0.2, ISC
xtend, 4.0.1, MIT
y18n, 3.2.1, ISC
yargs, 3.10.0, MIT
yargs, 4.8.1, MIT
yargs-parser, 2.4.1, ISC
